<?xml version="1.0" encoding="UTF-8"?>

<!--
  ~ Copyright (C) Scott Cranton and Jakub Korab
  ~ https://github.com/CamelCookbook
  ~
  ~ Licensed under the Apache License, Version 2.0 (the "License");
  ~ you may not use this file except in compliance with the License.
  ~ You may obtain a copy of the License at
  ~
  ~    http://www.apache.org/licenses/LICENSE-2.0
  ~
  ~ Unless required by applicable law or agreed to in writing, software
  ~ distributed under the License is distributed on an "AS IS" BASIS,
  ~ WITHOUT WARRANTIES OR CONDITIONS OF ANY KIND, either express or implied.
  ~ See the License for the specific language governing permissions and
  ~ limitations under the License.
  -->

<beans xmlns="http://www.springframework.org/schema/beans"
       xmlns:camel="http://camel.apache.org/schema/spring"
       xmlns:xsi="http://www.w3.org/2001/XMLSchema-instance"
       xsi:schemaLocation="
        http://www.springframework.org/schema/beans http://www.springframework.org/schema/beans/spring-beans.xsd
        http://camel.apache.org/schema/spring http://camel.apache.org/schema/spring/camel-spring.xsd
        http://activemq.apache.org/schema/core http://activemq.apache.org/schema/core/activemq-core.xsd
       ">

  <!-- This creates an embedded ActiveMQ Broker -->
  <broker xmlns="http://activemq.apache.org/schema/core" useJmx="true" persistent="false"
          brokerName="myBroker" id="broker">
    <transportConnectors>
      <transportConnector uri="vm://myBroker"/>
    </transportConnectors>
  </broker>

  <!--
      Lets connect the Camel ActiveMQ component to the embedded broker.
      See http://camel.apache.org/activemq.html for more information.
  -->
  <bean id="activemq" class="org.apache.activemq.camel.component.ActiveMQComponent">
    <property name="brokerURL" value="vm://myBroker?create=false"/>
  </bean>

  <bean id="producer" class="org.camelcookbook.extend.produce.ProducePojo"/>
  <bean class="org.camelcookbook.extend.consume.ConsumeMdb"/>

  <!-- depend on the broker so Spring will shutdown the embedded broker after Camel -->
  <camelContext xmlns="http://camel.apache.org/schema/spring" depends-on="broker"/>

</beans>
