<?xml version="1.0" encoding="UTF-8"?>

<!--
  ~ Copyright (C) Scott Cranton and Jakub Korab
  ~ https://github.com/CamelCookbook
  ~
  ~ Licensed under the Apache License, Version 2.0 (the "License");
  ~ you may not use this file except in compliance with the License.
  ~ You may obtain a copy of the License at
  ~
  ~    http://www.apache.org/licenses/LICENSE-2.0
  ~
  ~ Unless required by applicable law or agreed to in writing, software
  ~ distributed under the License is distributed on an "AS IS" BASIS,
  ~ WITHOUT WARRANTIES OR CONDITIONS OF ANY KIND, either express or implied.
  ~ See the License for the specific language governing permissions and
  ~ limitations under the License.
  -->

<beans xmlns="http://www.springframework.org/schema/beans"
       xmlns:crypt="http://springcryptoutils.com/schema/crypt"
       xmlns:xsi="http://www.w3.org/2001/XMLSchema-instance"
       xsi:schemaLocation="
           http://www.springframework.org/schema/beans http://www.springframework.org/schema/beans/spring-beans.xsd
           http://camel.apache.org/schema/spring http://camel.apache.org/schema/spring/camel-spring.xsd
           http://springcryptoutils.com/schema/crypt http://springcryptoutils.com/schema/crypt.xsd
       ">

  <crypt:keystore id="keyStore"
                  location="classpath:keystore.jks"
                  password="keystorePassword"/>
  <crypt:keystore id="trustStore"
                  location="classpath:truststore.jks"
                  password="truststorePassword"/>

  <camelContext xmlns="http://camel.apache.org/schema/spring">
    <route>
      <from uri="direct:sign"/>
      <log message="Signing message"/>
      <to uri="crypto:sign://usingKeystore?keystore=#keyStore&amp;alias=system_a&amp;password=keyPasswordA"/>
      <log message="Message signed"/>
      <to uri="mock:signed"/>
      <to uri="direct:verify"/>
    </route>
    <route>
      <from uri="direct:verify"/>
      <log message="Verifying message"/>
      <to uri="crypto:verify//usingKeystore?keystore=#trustStore&amp;alias=system_a"/>
      <log message="Message verified"/>
      <to uri="mock:verified"/>
    </route>
  </camelContext>
</beans>
