<?xml version="1.0" encoding="UTF-8"?>

<!--
  ~ Copyright (C) Scott Cranton and Jakub Korab
  ~ https://github.com/CamelCookbook
  ~
  ~ Licensed under the Apache License, Version 2.0 (the "License");
  ~ you may not use this file except in compliance with the License.
  ~ You may obtain a copy of the License at
  ~
  ~    http://www.apache.org/licenses/LICENSE-2.0
  ~
  ~ Unless required by applicable law or agreed to in writing, software
  ~ distributed under the License is distributed on an "AS IS" BASIS,
  ~ WITHOUT WARRANTIES OR CONDITIONS OF ANY KIND, either express or implied.
  ~ See the License for the specific language governing permissions and
  ~ limitations under the License.
  -->

<beans xmlns="http://www.springframework.org/schema/beans"
       xmlns:camel="http://camel.apache.org/schema/spring"
       xmlns:xsi="http://www.w3.org/2001/XMLSchema-instance"
       xsi:schemaLocation="
           http://www.springframework.org/schema/beans http://www.springframework.org/schema/beans/spring-beans.xsd
           http://camel.apache.org/schema/spring http://camel.apache.org/schema/spring/camel-spring.xsd
       ">

  <camel:keyStoreParameters id="keyStoreParams" resource="xml_keystore.jks" password="keystorePassword"/>
  <camel:keyStoreParameters id="trustStoreParams" resource="xml_truststore.jks" password="truststorePassword"/>

  <camelContext xmlns="http://camel.apache.org/schema/spring"
                xmlns:c="http://camelcookbook.org/schema/booksignings">
    <route id="encrypt">
      <from uri="direct:encrypt"/>
      <marshal>
        <secureXML secureTag="/c:booksignings/c:store/c:address"
                   secureTagContents="true"
                   recipientKeyAlias="system_a"
                   xmlCipherAlgorithm="http://www.w3.org/2001/04/xmlenc#tripledes-cbc"
                   keyCipherAlgorithm="http://www.w3.org/2001/04/xmlenc#rsa-1_5"
                   keyOrTrustStoreParametersId="trustStoreParams"/>
      </marshal>
      <to uri="direct:decrypt"/>
    </route>

    <route id="decrypt">
      <from uri="direct:decrypt"/>
      <unmarshal>
        <secureXML secureTag="/c:booksignings/c:store/c:address"
                   secureTagContents="true"
                   recipientKeyAlias="system_a"
                   xmlCipherAlgorithm="http://www.w3.org/2001/04/xmlenc#tripledes-cbc"
                   keyCipherAlgorithm="http://www.w3.org/2001/04/xmlenc#rsa-1_5"
                   keyOrTrustStoreParametersId="keyStoreParams"
                   keyPassword="keyPasswordA"/>
      </unmarshal>
      <to uri="mock:out"/>
    </route>
  </camelContext>

</beans>
