<?xml version="1.0" encoding="UTF-8"?>

<!--
  ~ Copyright (C) Scott Cranton and Jakub Korab
  ~ https://github.com/CamelCookbook
  ~
  ~ Licensed under the Apache License, Version 2.0 (the "License");
  ~ you may not use this file except in compliance with the License.
  ~ You may obtain a copy of the License at
  ~
  ~    http://www.apache.org/licenses/LICENSE-2.0
  ~
  ~ Unless required by applicable law or agreed to in writing, software
  ~ distributed under the License is distributed on an "AS IS" BASIS,
  ~ WITHOUT WARRANTIES OR CONDITIONS OF ANY KIND, either express or implied.
  ~ See the License for the specific language governing permissions and
  ~ limitations under the License.
  -->

<beans xmlns="http://www.springframework.org/schema/beans"
       xmlns:xsi="http://www.w3.org/2001/XMLSchema-instance"
       xsi:schemaLocation="
           http://www.springframework.org/schema/beans http://www.springframework.org/schema/beans/spring-beans.xsd
           http://camel.apache.org/schema/spring http://camel.apache.org/schema/spring/camel-spring.xsd
       ">

  <camelContext xmlns="http://camel.apache.org/schema/spring">
    <threadPool id="customThreadPool"
                poolSize="5"
                threadName="CustomThreadPool"
                maxQueueSize="100"/>

    <route>
      <from uri="direct:in"/>
      <log message="Received ${body}:${threadName}"/>
      <threads executorServiceRef="customThreadPool">
        <log message="Processing ${body}:${threadName}"/>
        <transform>
          <simple>${threadName}</simple>
        </transform>
        <to uri="mock:out"/>
      </threads>
    </route>
  </camelContext>

</beans>
