<?xml version="1.0" encoding="UTF-8"?>

<!--
  ~ Copyright (C) Scott Cranton and Jakub Korab
  ~ https://github.com/CamelCookbook
  ~
  ~ Licensed under the Apache License, Version 2.0 (the "License");
  ~ you may not use this file except in compliance with the License.
  ~ You may obtain a copy of the License at
  ~
  ~    http://www.apache.org/licenses/LICENSE-2.0
  ~
  ~ Unless required by applicable law or agreed to in writing, software
  ~ distributed under the License is distributed on an "AS IS" BASIS,
  ~ WITHOUT WARRANTIES OR CONDITIONS OF ANY KIND, either express or implied.
  ~ See the License for the specific language governing permissions and
  ~ limitations under the License.
  -->

<beans xmlns="http://www.springframework.org/schema/beans"
       xmlns:camel="http://camel.apache.org/schema/spring"
       xmlns:xsi="http://www.w3.org/2001/XMLSchema-instance"
       xsi:schemaLocation="
           http://www.springframework.org/schema/beans http://www.springframework.org/schema/beans/spring-beans.xsd
           http://camel.apache.org/schema/spring http://camel.apache.org/schema/spring/camel-spring.xsd
       ">

  <bean id="dateFirstOrderFileNameProcessor"
        class="org.camelcookbook.structuringroutes.templating.OrderFileNameProcessor">
    <property name="countryDateFormat" value="dd-MM-yyyy"/>
  </bean>

  <bean id="monthFirstOrderFileNameProcessor"
        class="org.camelcookbook.structuringroutes.templating.OrderFileNameProcessor">
    <property name="countryDateFormat" value="dd-MM-yyyy"/>
  </bean>

  <bean id="ukOrdersRouteBuilder"
        class="org.camelcookbook.structuringroutes.templating.OrderProcessingRouteBuilder">
    <property name="inputDirectory" value="/orders/in/UK"/>
    <property name="outputDirectory" value="/orders/out/UK"/>
    <property name="orderFileNameProcessor" ref="dateFirstOrderFileNameProcessor"/>
  </bean>

  <bean id="usOrdersRouteBuilder"
        class="org.camelcookbook.structuringroutes.templating.OrderProcessingRouteBuilder">
    <property name="inputDirectory" value="/orders/in/US"/>
    <property name="outputDirectory" value="/orders/out/US"/>
    <property name="orderFileNameProcessor" ref="monthFirstOrderFileNameProcessor"/>
  </bean>

  <bean id="jamaicaOrdersRouteBuilder"
        class="org.camelcookbook.structuringroutes.templating.OrderProcessingRouteBuilder">
    <property name="inputDirectory" value="/orders/in/JA"/>
    <property name="outputDirectory" value="/orders/out/JA"/>
    <property name="orderFileNameProcessor" ref="dateFirstOrderFileNameProcessor"/>
  </bean>

  <camelContext xmlns="http://camel.apache.org/schema/spring">
    <routeBuilder ref="ukOrdersRouteBuilder"/>
    <routeBuilder ref="usOrdersRouteBuilder"/>
    <routeBuilder ref="jamaicaOrdersRouteBuilder"/>
  </camelContext>

</beans>
